channel_name,weight1,weight2,inner_product
13a,0.4828952106589779,0.5171047893410222,-0.22278312974847186
32c,0.5042311059235483,0.4957688940764517,-0.15351931413129555
32d,0.4851908396946565,0.5148091603053435,-0.09835547318021912
