channel_name,weight1,weight2,inner_product
13a,0.49477853798972254,0.5052214620102774,-0.22917275993280367
32c,0.4992704989786986,0.5007295010213014,-0.16081590025726972
32d,0.5029007633587786,0.49709923664122135,-0.09067184124581448
