channel_name,weight1,weight2
ch_13a,0.5018005041411613,0.4981994958588385
ch_32c,0.492850889991246,0.5071491100087541
ch_32d,0.5209160305343511,0.47908396946564885
