channel_name,weight1,weight2,inner_product
13a,0.5059416636658697,0.49405833633413043,-0.22254812987276468
32c,0.48497227896119055,0.5150277210388094,-0.15764920674892974
32d,0.49801526717557254,0.5019847328244275,-0.09800310109151468
